{
  "formatVersion": 1,
  "database": {
    "version": 2,
    "identityHash": "f95305870800016bbbc9bcbe1f64a0c2",
    "entities": [
      {
        "tableName": "persona",
        "createSql": "CREATE TABLE IF NOT EXISTS `${TABLE_NAME}` (`id` INTEGER PRIMARY KEY AUTOINCREMENT NOT NULL, `nombre` TEXT, `apellido` TEXT, `direccion` TEXT)",
        "fields": [
          {
            "fieldPath": "id",
            "columnName": "id",
            "affinity": "INTEGER",
            "notNull": true
          },
          {
            "fieldPath": "nombre",
            "columnName": "nombre",
            "affinity": "TEXT",
            "notNull": false
          },
          {
            "fieldPath": "apellido",
            "columnName": "apellido",
            "affinity": "TEXT",
            "notNull": false
          },
          {
            "fieldPath": "direccion",
            "columnName": "direccion",
            "affinity": "TEXT",
            "notNull": false
          }
        ],
        "primaryKey": {
          "columnNames": [
            "id"
          ],
          "autoGenerate": true
        },
        "indices": [],
        "foreignKeys": []
      }
    ],
    "views": [],
    "setupQueries": [
      "CREATE TABLE IF NOT EXISTS room_master_table (id INTEGER PRIMARY KEY,identity_hash TEXT)",
      "INSERT OR REPLACE INTO room_master_table (id,identity_hash) VALUES(42, 'f95305870800016bbbc9bcbe1f64a0c2')"
    ]
  }
}